<?xml version="1.0" encoding="UTF-8"?>
<GenRun Id="RAM_Line_synth_1" LaunchPart="xc7s15ftgb196-1" LaunchTime="1596019924">
  <File Type="RDS-UTIL-PB" Name="RAM_Line_utilization_synth.pb"/>
  <File Type="RDS-UTIL" Name="RAM_Line_utilization_synth.rpt"/>
  <File Type="RDS-RDS" Name="RAM_Line.vds"/>
  <File Type="RDS-DCP" Name="RAM_Line.dcp"/>
  <File Type="PA-TCL" Name="RAM_Line.tcl"/>
  <File Type="REPORTS-TCL" Name="RAM_Line_reports.tcl"/>
  <FileSet Name="sources" Type="BlockSrcs" RelSrcDir="$PSRCDIR/RAM_Line">
    <File Path="$PSRCDIR/sources_1/ip/RAM_Line/RAM_Line.xci">
      <FileInfo>
        <Attr Name="UsedIn" Val="synthesis"/>
        <Attr Name="UsedIn" Val="implementation"/>
        <Attr Name="UsedIn" Val="simulation"/>
      </FileInfo>
    </File>
    <Config>
      <Option Name="TopModule" Val="RAM_Line"/>
      <Option Name="UseBlackboxStub" Val="1"/>
    </Config>
  </FileSet>
  <FileSet Name="constrs_in" Type="BlockSrcs" RelSrcDir="$PSRCDIR/RAM_Line">
    <File Path="$PSRCDIR/sources_1/ip/RAM_Line/RAM_Line.xci">
      <FileInfo>
        <Attr Name="UsedIn" Val="synthesis"/>
        <Attr Name="UsedIn" Val="implementation"/>
        <Attr Name="UsedIn" Val="simulation"/>
      </FileInfo>
    </File>
    <Config>
      <Option Name="TopModule" Val="RAM_Line"/>
      <Option Name="UseBlackboxStub" Val="1"/>
    </Config>
  </FileSet>
  <FileSet Name="utils" Type="Utils" RelSrcDir="$PSRCDIR/utils_1">
    <Filter Type="Utils"/>
    <Config>
      <Option Name="TopAutoSet" Val="TRUE"/>
    </Config>
  </FileSet>
  <Strategy Version="1" Minor="2">
    <StratHandle Name="Vivado Synthesis Defaults" Flow="Vivado Synthesis 2018"/>
    <Step Id="synth_design"/>
  </Strategy>
</GenRun>
