<?xml version="1.0" encoding="UTF-8"?>
<GenRun Id="impl_1" LaunchPart="xc7s15ftgb196-1" LaunchTime="1596245236">
  <File Type="WBT-USG" Name="usage_statistics_webtalk.html"/>
  <File Type="BG-DRC" Name="Camera_Demo.drc"/>
  <File Type="BG-BGN" Name="Camera_Demo.bgn"/>
  <File Type="BITSTR-SYSDEF" Name="Camera_Demo.sysdef"/>
  <File Type="BITSTR-LTX" Name="debug_nets.ltx"/>
  <File Type="BITSTR-LTX" Name="Camera_Demo.ltx"/>
  <File Type="BITSTR-MMI" Name="Camera_Demo.mmi"/>
  <File Type="BITSTR-BMM" Name="Camera_Demo_bd.bmm"/>
  <File Type="BITSTR-NKY" Name="Camera_Demo.nky"/>
  <File Type="BITSTR-RBT" Name="Camera_Demo.rbt"/>
  <File Type="BITSTR-MSK" Name="Camera_Demo.msk"/>
  <File Type="BG-BIN" Name="Camera_Demo.bin"/>
  <File Type="BG-BIT" Name="Camera_Demo.bit"/>
  <File Type="POSTROUTE-PHYSOPT-BUS-SKEW-RPX" Name="Camera_Demo_bus_skew_postroute_physopted.rpx"/>
  <File Type="POSTROUTE-PHYSOPT-BUS-SKEW-PB" Name="Camera_Demo_bus_skew_postroute_physopted.pb"/>
  <File Type="POSTROUTE-PHYSOPT-BUS-SKEW" Name="Camera_Demo_bus_skew_postroute_physopted.rpt"/>
  <File Type="RDI-RDI" Name="Camera_Demo.vdi"/>
  <File Type="POSTROUTE-PHYSOPT-TIMING-RPX" Name="Camera_Demo_timing_summary_postroute_physopted.rpx"/>
  <File Type="POSTROUTE-PHYSOPT-TIMING-PB" Name="Camera_Demo_timing_summary_postroute_physopted.pb"/>
  <File Type="POSTROUTE-PHYSOPT-TIMING" Name="Camera_Demo_timing_summary_postroute_physopted.rpt"/>
  <File Type="POSTROUTE-PHYSOPT-BLACKBOX-DCP" Name="Camera_Demo_postroute_physopt_bb.dcp"/>
  <File Type="POSTROUTE-PHYSOPT-DCP" Name="Camera_Demo_postroute_physopt.dcp"/>
  <File Type="ROUTE-BUS-SKEW" Name="Camera_Demo_bus_skew_routed.rpt"/>
  <File Type="ROUTE-CLK" Name="Camera_Demo_clock_utilization_routed.rpt"/>
  <File Type="ROUTE-SIMILARITY" Name="Camera_Demo_incremental_reuse_routed.rpt"/>
  <File Type="ROUTE-TIMING-RPX" Name="Camera_Demo_timing_summary_routed.rpx"/>
  <File Type="ROUTE-TIMING-PB" Name="Camera_Demo_timing_summary_routed.pb"/>
  <File Type="ROUTE-TIMINGSUMMARY" Name="Camera_Demo_timing_summary_routed.rpt"/>
  <File Type="ROUTE-STATUS-PB" Name="Camera_Demo_route_status.pb"/>
  <File Type="ROUTE-STATUS" Name="Camera_Demo_route_status.rpt"/>
  <File Type="ROUTE-PWR-RPX" Name="Camera_Demo_power_routed.rpx"/>
  <File Type="ROUTE-PWR-SUM" Name="Camera_Demo_power_summary_routed.pb"/>
  <File Type="ROUTE-PWR" Name="Camera_Demo_power_routed.rpt"/>
  <File Type="ROUTE-METHODOLOGY-DRC-PB" Name="Camera_Demo_methodology_drc_routed.pb"/>
  <File Type="ROUTE-METHODOLOGY-DRC-RPX" Name="Camera_Demo_methodology_drc_routed.rpx"/>
  <File Type="ROUTE-METHODOLOGY-DRC" Name="Camera_Demo_methodology_drc_routed.rpt"/>
  <File Type="ROUTE-DRC-RPX" Name="Camera_Demo_drc_routed.rpx"/>
  <File Type="ROUTE-DRC-PB" Name="Camera_Demo_drc_routed.pb"/>
  <File Type="ROUTE-DRC" Name="Camera_Demo_drc_routed.rpt"/>
  <File Type="ROUTE-BLACKBOX-DCP" Name="Camera_Demo_routed_bb.dcp"/>
  <File Type="ROUTE-DCP" Name="Camera_Demo_routed.dcp"/>
  <File Type="ROUTE-ERROR-DCP" Name="Camera_Demo_routed_error.dcp"/>
  <File Type="PHYSOPT-TIMING" Name="Camera_Demo_timing_summary_physopted.rpt"/>
  <File Type="PHYSOPT-DRC" Name="Camera_Demo_drc_physopted.rpt"/>
  <File Type="PHYSOPT-DCP" Name="Camera_Demo_physopt.dcp"/>
  <File Type="POSTPLACE-PWROPT-TIMING" Name="Camera_Demo_timing_summary_postplace_pwropted.rpt"/>
  <File Type="POSTPLACE-PWROPT-DCP" Name="Camera_Demo_postplace_pwropt.dcp"/>
  <File Type="PLACE-TIMING" Name="Camera_Demo_timing_summary_placed.rpt"/>
  <File Type="PLACE-PRE-SIMILARITY" Name="Camera_Demo_incremental_reuse_pre_placed.rpt"/>
  <File Type="PLACE-SIMILARITY" Name="Camera_Demo_incremental_reuse_placed.rpt"/>
  <File Type="PLACE-CTRL" Name="Camera_Demo_control_sets_placed.rpt"/>
  <File Type="PLACE-UTIL-PB" Name="Camera_Demo_utilization_placed.pb"/>
  <File Type="PLACE-UTIL" Name="Camera_Demo_utilization_placed.rpt"/>
  <File Type="PLACE-CLK" Name="Camera_Demo_clock_utilization_placed.rpt"/>
  <File Type="PLACE-IO" Name="Camera_Demo_io_placed.rpt"/>
  <File Type="PLACE-DCP" Name="Camera_Demo_placed.dcp"/>
  <File Type="PWROPT-TIMING" Name="Camera_Demo_timing_summary_pwropted.rpt"/>
  <File Type="PWROPT-DRC" Name="Camera_Demo_drc_pwropted.rpt"/>
  <File Type="PWROPT-DCP" Name="Camera_Demo_pwropt.dcp"/>
  <File Type="OPT-TIMING" Name="Camera_Demo_timing_summary_opted.rpt"/>
  <File Type="OPT-HWDEF" Name="Camera_Demo.hwdef"/>
  <File Type="OPT-METHODOLOGY-DRC" Name="Camera_Demo_methodology_drc_opted.rpt"/>
  <File Type="OPT-DRC" Name="Camera_Demo_drc_opted.rpt"/>
  <File Type="OPT-DCP" Name="Camera_Demo_opt.dcp"/>
  <File Type="INIT-TIMING" Name="Camera_Demo_timing_summary_init.rpt"/>
  <File Type="ROUTE-BUS-SKEW-RPX" Name="Camera_Demo_bus_skew_routed.rpx"/>
  <File Type="REPORTS-TCL" Name="Camera_Demo_reports.tcl"/>
  <File Type="ROUTE-BUS-SKEW-PB" Name="Camera_Demo_bus_skew_routed.pb"/>
  <File Type="PA-TCL" Name="Camera_Demo.tcl"/>
  <FileSet Name="sources" Type="DesignSrcs" RelSrcDir="$PSRCDIR/sources_1">
    <Filter Type="Srcs"/>
    <File Path="$PSRCDIR/sources_1/new/Driver_Bayer_To_RGB.v">
      <FileInfo>
        <Attr Name="UsedIn" Val="synthesis"/>
        <Attr Name="UsedIn" Val="implementation"/>
        <Attr Name="UsedIn" Val="simulation"/>
      </FileInfo>
    </File>
    <File Path="$PSRCDIR/sources_1/new/Driver_Breath_LED.v">
      <FileInfo>
        <Attr Name="UsedIn" Val="synthesis"/>
        <Attr Name="UsedIn" Val="implementation"/>
        <Attr Name="UsedIn" Val="simulation"/>
      </FileInfo>
    </File>
    <File Path="$PSRCDIR/sources_1/new/Driver_Csi_To_Dvp.v">
      <FileInfo>
        <Attr Name="UsedIn" Val="synthesis"/>
        <Attr Name="UsedIn" Val="implementation"/>
        <Attr Name="UsedIn" Val="simulation"/>
      </FileInfo>
    </File>
    <File Path="$PSRCDIR/sources_1/new/Driver_IIC.v">
      <FileInfo>
        <Attr Name="UsedIn" Val="synthesis"/>
        <Attr Name="UsedIn" Val="implementation"/>
        <Attr Name="UsedIn" Val="simulation"/>
      </FileInfo>
    </File>
    <File Path="$PSRCDIR/sources_1/new/Driver_MIPI.v">
      <FileInfo>
        <Attr Name="UsedIn" Val="synthesis"/>
        <Attr Name="UsedIn" Val="implementation"/>
        <Attr Name="UsedIn" Val="simulation"/>
      </FileInfo>
    </File>
    <File Path="$PSRCDIR/sources_1/new/Driver_RGB_LED.v">
      <FileInfo>
        <Attr Name="UsedIn" Val="synthesis"/>
        <Attr Name="UsedIn" Val="implementation"/>
        <Attr Name="UsedIn" Val="simulation"/>
      </FileInfo>
    </File>
    <File Path="$PSRCDIR/sources_1/new/Key_Test_Color.v">
      <FileInfo>
        <Attr Name="UsedIn" Val="synthesis"/>
        <Attr Name="UsedIn" Val="implementation"/>
        <Attr Name="UsedIn" Val="simulation"/>
      </FileInfo>
    </File>
    <File Path="$PSRCDIR/sources_1/new/OV5647_Init.v">
      <FileInfo>
        <Attr Name="UsedIn" Val="synthesis"/>
        <Attr Name="UsedIn" Val="implementation"/>
        <Attr Name="UsedIn" Val="simulation"/>
      </FileInfo>
    </File>
    <File Path="$PSRCDIR/sources_1/new/Trigger_Generator.v">
      <FileInfo>
        <Attr Name="UsedIn" Val="synthesis"/>
        <Attr Name="UsedIn" Val="implementation"/>
        <Attr Name="UsedIn" Val="simulation"/>
      </FileInfo>
    </File>
    <File Path="$PSRCDIR/sources_1/new/clk_division.v">
      <FileInfo>
        <Attr Name="UsedIn" Val="synthesis"/>
        <Attr Name="UsedIn" Val="implementation"/>
        <Attr Name="UsedIn" Val="simulation"/>
      </FileInfo>
    </File>
    <File Path="$PSRCDIR/sources_1/new/Camera_Demo.v">
      <FileInfo>
        <Attr Name="UsedIn" Val="synthesis"/>
        <Attr Name="UsedIn" Val="implementation"/>
        <Attr Name="UsedIn" Val="simulation"/>
      </FileInfo>
    </File>
    <File Path="$PPRDIR/OV5647/OV5647.coe">
      <FileInfo>
        <Attr Name="UsedIn" Val="synthesis"/>
        <Attr Name="UsedIn" Val="simulation"/>
      </FileInfo>
    </File>
    <Config>
      <Option Name="DesignMode" Val="RTL"/>
      <Option Name="TopModule" Val="Camera_Demo"/>
      <Option Name="TopAutoSet" Val="TRUE"/>
    </Config>
  </FileSet>
  <FileSet Name="constrs_in" Type="Constrs" RelSrcDir="$PSRCDIR/constrs_1">
    <Filter Type="Constrs"/>
    <File Path="$PSRCDIR/constrs_1/new/system.xdc">
      <FileInfo>
        <Attr Name="UsedIn" Val="synthesis"/>
        <Attr Name="UsedIn" Val="implementation"/>
      </FileInfo>
    </File>
    <Config>
      <Option Name="TargetConstrsFile" Val="$PSRCDIR/constrs_1/new/system.xdc"/>
      <Option Name="ConstrsType" Val="XDC"/>
    </Config>
  </FileSet>
  <FileSet Name="utils" Type="Utils" RelSrcDir="$PSRCDIR/utils_1">
    <Filter Type="Utils"/>
    <Config>
      <Option Name="TopAutoSet" Val="TRUE"/>
    </Config>
  </FileSet>
  <Strategy Version="1" Minor="2">
    <StratHandle Name="Vivado Implementation Defaults" Flow="Vivado Implementation 2018">
      <Desc>Default settings for Implementation.</Desc>
    </StratHandle>
    <Step Id="init_design"/>
    <Step Id="opt_design"/>
    <Step Id="power_opt_design"/>
    <Step Id="place_design"/>
    <Step Id="post_place_power_opt_design"/>
    <Step Id="phys_opt_design"/>
    <Step Id="route_design"/>
    <Step Id="post_route_phys_opt_design"/>
    <Step Id="write_bitstream"/>
  </Strategy>
  <BlockFileSet Type="BlockSrcs" Name="clk_wiz_1"/>
  <BlockFileSet Type="BlockSrcs" Name="clk_wiz_0"/>
  <BlockFileSet Type="BlockSrcs" Name="RAM_Line"/>
  <BlockFileSet Type="BlockSrcs" Name="AXIS_Data_RAM"/>
  <BlockFileSet Type="BlockSrcs" Name="rgb2dvi_0"/>
  <BlockFileSet Type="BlockSrcs" Name="csi2_d_phy_rx_0"/>
  <BlockFileSet Type="BlockSrcs" Name="csi_to_axis_0"/>
</GenRun>
